Row,Plot_ID,FG,FG_Diversity,Date_Surveyed,Subplot_Type,SubplotID,Survey_Number,SurveyID,TaxonomicID,Pollinator_Species_Code,Plant_Species,No_Visits
1,1,2,1,24-Jul-16,C,1.C,2,1.C.2,Diptera,Diptera_med,Crepis_capillaris,5
1,1,2,1,27-Jul-16,D,1.D,2,1.D.2,Diptera,Diptera_med,Daucus_carota,1
1,1,2,1,21-Jul-16,C,1.C,2,1.C.2,Diptera,Diptera_minute,Lathyrus_pratensis,1
1,1,2,1,22-Jul-16,C,1.C,2,1.C.2,Nitidulidae,Pollen_Beetle,Crepis_capillaris,19
1,1,2,1,23-Jul-16,C,1.C,2,1.C.2,Nitidulidae,Pollen_Beetle,Lathyrus_pratensis,2
1,1,2,1,26-Jul-16,D,1.D,2,1.D.2,Nitidulidae,Pollen_Beetle,Crepis_capillaris,3
1,1,2,1,28-Jul-16,R,1.R,2,1.R.2,Nitidulidae,Pollen_Beetle,Crepis_capillaris,14
1,1,2,1,20-Jul-16,R,1.R,1,1.R.1,Apoidea,SolBee_lrg,Crepis_capillaris,4
1,1,2,1,25-Jul-16,C,1.C,2,1.C.2,Syrphidae,Syrphid_med_blackshiny,Crepis_capillaris,1
1,2,3,1,22-Jul-16,R,2.R,2,2.R.2,Apis_melifera,Apis_melifera,Onobrychis_viciifolia,2
1,2,3,1,20-Jul-16,C,2.C,1,2.C.1,Bombus_lapidarius,Bombus_lap,Onobrychis_viciifolia,15
1,2,3,1,20-Jul-16,C,2.C,1,2.C.1,Bombus_lapidarius,Bombus_lap,Vicia_cracca,6
1,2,3,1,22-Jul-16,C,2.C,2,2.C.2,Bombus_lapidarius,Bombus_lap,Onobrychis_viciifolia,25
1,2,3,1,22-Jul-16,C,2.C,2,2.C.2,Bombus_lapidarius,Bombus_lap,Vicia_cracca,1
1,2,3,1,22-Jul-16,D,2.D,2,2.D.2,Bombus_lapidarius,Bombus_lap,Onobrychis_viciifolia,3
1,2,3,1,22-Jul-16,R,2.R,2,2.R.2,Bombus_lapidarius,Bombus_lap,Onobrychis_viciifolia,15
1,2,3,1,22-Jul-16,D,2.D,2,2.D.2,Diptera,Diptera_med,Daucus_carota,3
1,2,3,1,20-Jul-16,D,2.D,1,2.D.1,Diptera,Diptera_minute,Daucus_carota,1
1,2,3,1,20-Jul-16,R,2.R,1,2.R.1,Diptera,Diptera_minute,Leucanthemum_vulgare,1
1,2,3,1,22-Jul-16,D,2.D,2,2.D.2,Eristalis_spp,Eristalis_lrg,Daucus_carota,1
1,2,3,1,20-Jul-16,R,2.R,1,2.R.1,Hemiptera,Heteroptera,Onobrychis_viciifolia,1
1,2,3,1,20-Jul-16,R,2.R,1,2.R.1,Sarcophagidae,Sarcoph,Onobrychis_viciifolia,1
1,3,12,2,20-Jul-16,C,3.C,1,3.C.1,Hemiptera,Heteroptera,Onobrychis_viciifolia,1
1,3,12,2,21-Jul-16,C,3.C,2,3.C.2,Nitidulidae,Pollen_Beetle,Crepis_capillaris,2
1,3,12,2,20-Jul-16,C,3.C,1,3.C.1,Syrphidae,Syrphid_med_shiny_yb,Daucus_carota,1
1,3,12,2,20-Jul-16,C,3.C,1,3.C.1,Syrphidae,Syrphid_med_shiny_yb,Prunella_vulgaris,3
1,3,12,2,21-Jul-16,C,3.C,2,3.C.2,Thysanoptera,Thrip,Lotus_corniculatus,1
1,4,13,2,22-Jul-16,C,4.C,2,4.C.2,Apis_melifera,Apis_melifera,Onobrychis_viciifolia,1
1,4,13,2,22-Jul-16,C,4.C,2,4.C.2,Bombus_lapidarius,Bombus_lap,Onobrychis_viciifolia,1
1,5,1,1,22-Jul-16,C,5.C,2,5.C.2,Bombus_lapidarius,Bombus_lap,Trifolium_pratense,1
1,5,1,1,20-Jul-16,D,5.D,1,5.D.1,Diptera,Diptera_med,Daucus_carota,4
1,5,1,1,22-Jul-16,C,5.C,2,5.C.2,Diptera,Diptera_med,Daucus_carota,1
1,5,1,1,22-Jul-16,R,5.R,2,5.R.2,Diptera,Diptera_med,Leontodon_hispidus,1
1,5,1,1,20-Jul-16,D,5.D,1,5.D.1,Diptera,Diptera_small,Daucus_carota,3
1,5,1,1,22-Jul-16,D,5.D,2,5.D.2,Diptera,Diptera_small,Leontodon_hispidus,1
1,5,1,1,22-Jul-16,D,5.D,2,5.D.2,Eristalis_spp,Eristalis_med,Daucus_carota,14
1,5,1,1,22-Jul-16,R,5.R,2,5.R.2,Nitidulidae,Pollen_Beetle,Clinopodium_vulgare,1
1,5,1,1,22-Jul-16,R,5.R,2,5.R.2,Nitidulidae,Pollen_Beetle,Leontodon_hispidus,2
1,5,1,1,22-Jul-16,D,5.D,2,5.D.2,Sepsidae,Sepsidae,Daucus_carota,1
1,5,1,1,22-Jul-16,C,5.C,2,5.C.2,Apoidea,SolBee_small,Daucus_carota,1
1,5,1,1,20-Jul-16,D,5.D,1,5.D.1,Syrphidae,Syrphid,Daucus_carota,4
1,5,1,1,22-Jul-16,D,5.D,2,5.D.2,Syrphidae,Syrphid_med,Trifolium_repens,1
1,5,1,1,20-Jul-16,R,5.R,1,5.R.1,Syrphidae,Syrphid_med_blackshiny,Crepis_capillaris,2
1,5,1,1,20-Jul-16,C,5.C,1,5.C.1,Syrphidae,Syrphid_med_shiny_yb,Daucus_carota,1
1,5,1,1,20-Jul-16,D,5.D,1,5.D.1,Syrphidae,Syrphid_med_shiny_yb,Daucus_carota,1
1,5,1,1,20-Jul-16,D,5.D,1,5.D.1,Syrphidae,Syrphid_med_yb,Daucus_carota,1
1,5,1,1,22-Jul-16,C,5.C,2,5.C.2,Syrphidae,Syrphid_med_yb,Daucus_carota,6
1,6,23,2,22-Jul-16,C,6.C,2,6.C.2,Bombus_lapidarius,Bombus_lap,Onobrychis_viciifolia,7
1,6,23,2,20-Jul-16,C,6.C,1,6.C.1,Diptera,Diptera_minute,Leucanthemum_vulgare,1
1,6,23,2,20-Jul-16,C,6.C,1,6.C.1,Diptera,Diptera_small,Daucus_carota,1
1,6,23,2,20-Jul-16,C,6.C,1,6.C.1,Apoidea,SolBee_small,Prunella_vulgaris,1
1,6,23,2,20-Jul-16,C,6.C,1,6.C.1,Syrphidae,Syrphid_med_blackshiny,Leucanthemum_vulgare,1
1,7,123,3,20-Jul-16,R,7.R,1,7.R.1,Bombus_lapidarius,Bombus_lap,Lotus_corniculatus,2
1,7,123,3,20-Jul-16,R,7.R,1,7.R.1,Bombus_lapidarius,Bombus_lap,Onobrychis_viciifolia,7
1,7,123,3,20-Jul-16,C,7.C,1,7.C.1,Diptera,Diptera_small,Daucus_carota,5
1,7,123,3,22-Jul-16,C,7.C,2,7.C.2,Eristalis_spp,Eristalis_med,Daucus_carota,6
1,7,123,3,22-Jul-16,D,7.D,2,7.D.2,Eristalis_spp,Eristalis_med,Daucus_carota,10
1,7,123,3,20-Jul-16,D,7.D,1,7.D.1,Hemiptera,Heteroptera,Galium_verum,1
1,7,123,3,22-Jul-16,D,7.D,2,7.D.2,Oedemera_nobilis,Oedemera_nobilis,Daucus_carota,1
1,7,123,3,22-Jul-16,R,7.R,2,7.R.2,Oedemera_nobilis,Oedemera_nobilis,Daucus_carota,1
1,7,123,3,22-Jul-16,R,7.R,2,7.R.2,Oedemera_nobilis,Oedemera_nobilis,Onobrychis_viciifolia,3
1,7,123,3,20-Jul-16,D,7.D,1,7.D.1,Parasitica,Parastic_Wasp_minute,Daucus_carota,7
1,7,123,3,22-Jul-16,C,7.C,2,7.C.2,Scathophagidae,Scathophagidae,Daucus_carota,1
1,7,123,3,20-Jul-16,R,7.R,1,7.R.1,Apoidea,SolBee_med,Onobrychis_viciifolia,3
1,7,123,3,22-Jul-16,R,7.R,2,7.R.2,Stratiomyidae,Stratiomyidae,Daucus_carota,6
1,7,123,3,20-Jul-16,C,7.C,1,7.C.1,Syrphidae,Syrphid_med_blackshiny,Daucus_carota,4
1,7,123,3,20-Jul-16,C,7.C,1,7.C.1,Syrphidae,Syrphid_med_blackshiny,Leucanthemum_vulgare,1
1,7,123,3,20-Jul-16,D,7.D,1,7.D.1,Syrphidae,Syrphid_med_blackshiny,Daucus_carota,1
1,7,123,3,20-Jul-16,D,7.D,1,7.D.1,Syrphidae,Syrphid_small_metallic,Daucus_carota,1
2,8,1,1,18-Jul-16,C,8.C,1,8.C.1,Diptera,Diptera_med,Hypochaeris_radicata,1
2,8,1,1,18-Jul-16,D,8.D,1,8.D.1,Diptera,Diptera_med,Daucus_carota,7
2,8,1,1,20-Jul-16,C,8.C,2,8.C.2,Diptera,Diptera_med,Hypochaeris_radicata,1
2,8,1,1,20-Jul-16,D,8.D,2,8.D.2,Diptera,Diptera_med,Daucus_carota,2
2,8,1,1,18-Jul-16,D,8.D,1,8.D.1,Diptera,Diptera_minute,Daucus_carota,1
2,8,1,1,20-Jul-16,C,8.C,2,8.C.2,Diptera,Diptera_small,Daucus_carota,2
2,8,1,1,20-Jul-16,R,8.R,2,8.R.2,Diptera,Diptera_small,Daucus_carota,1
2,8,1,1,18-Jul-16,C,8.C,1,8.C.1,Empididae,Empid,Leontodon_hispidus,2
2,8,1,1,18-Jul-16,D,8.D,1,8.D.1,Empididae,Empid,Daucus_carota,1
2,8,1,1,18-Jul-16,D,8.D,1,8.D.1,Eristalis_spp,Eristalis_med,Daucus_carota,1
2,8,1,1,20-Jul-16,C,8.C,2,8.C.2,Hemiptera,Heteroptera_med,Daucus_carota,1
2,8,1,1,20-Jul-16,R,8.R,2,8.R.2,Hemiptera,Heteroptera_med,Trifolium_repens,1
2,8,1,1,20-Jul-16,R,8.R,2,8.R.2,Lepidoptera,Lepidoptera,Trifolium_repens,1
2,8,1,1,20-Jul-16,C,8.C,2,8.C.2,Parasitica,Parastic_Wasp_minute,Daucus_carota,3
2,8,1,1,20-Jul-16,R,8.R,2,8.R.2,Nitidulidae,Pollen_Beetle,Leontodon_hispidus,1
2,8,1,1,20-Jul-16,R,8.R,2,8.R.2,Nitidulidae,Pollen_Beetle,Trifolium_repens,1
2,8,1,1,20-Jul-16,D,8.D,2,8.D.2,Sarcophagidae,Sarcoph,Daucus_carota,1
2,8,1,1,18-Jul-16,D,8.D,1,8.D.1,Sepsidae,Sepsidae,Daucus_carota,1
2,8,1,1,18-Jul-16,C,8.C,1,8.C.1,Syrphidae,Syrphid_med_blackshiny,Leontodon_hispidus,1
2,8,1,1,18-Jul-16,D,8.D,1,8.D.1,Syrphidae,Syrphid_med_shiny_yb,Daucus_carota,2
2,9,12,2,20-Jul-16,C,9.C,1,9.C.1,Diptera,Diptera_med,Crepis_capillaris,1
2,9,12,2,22-Jul-16,C,9.C,2,9.C.2,Diptera,Diptera_med,Daucus_carota,1
2,9,12,2,22-Jul-16,C,9.C,2,9.C.2,Eristalis_spp,Eristalis_med,Crepis_capillaris,2
2,9,12,2,22-Jul-16,C,9.C,2,9.C.2,Eristalis_spp,Eristalis_med,Daucus_carota,2
2,9,12,2,22-Jul-16,C,9.C,2,9.C.2,Opiliones,Opiliones,Daucus_carota,1
2,9,12,2,20-Jul-16,C,9.C,1,9.C.1,Parasitica,Parastic_Wasp_minute,Daucus_carota,2
2,9,12,2,20-Jul-16,C,9.C,1,9.C.1,Nitidulidae,Pollen_Beetle,Crepis_capillaris,7
2,9,12,2,22-Jul-16,C,9.C,2,9.C.2,Nitidulidae,Pollen_Beetle,Crepis_capillaris,7
2,9,12,2,22-Jul-16,C,9.C,2,9.C.2,Sepsidae,Sepsidae,Daucus_carota,2
2,9,12,2,22-Jul-16,C,9.C,2,9.C.2,Syrphidae,Syrphid_med,Daucus_carota,1
2,9,12,2,22-Jul-16,C,9.C,2,9.C.2,Syrphidae,Syrphid_med,Lotus_corniculatus,1
2,10,2,1,18-Jul-16,D,10.D,1,10.D.1,Diptera,Diptera_med,Hypochaeris_radicata,3
2,10,2,1,20-Jul-16,D,10.D,2,10.D.2,Diptera,Diptera_med,Crepis_capillaris,1
2,10,2,1,18-Jul-16,R,10.R,1,10.R.1,Diptera,Diptera_small,Daucus_carota,1
2,10,2,1,20-Jul-16,C,10.C,2,10.C.2,Diptera,Diptera_small,Rhianthus_minor,1
2,10,2,1,20-Jul-16,R,10.R,2,10.R.2,Diptera,Diptera_small,Daucus_carota,2
2,10,2,1,20-Jul-16,C,10.C,2,10.C.2,Hemiptera,Heteroptera_small,Prunella_vulgaris,1
2,10,2,1,20-Jul-16,D,10.D,2,10.D.2,Parasitica,Parastic_Wasp_minute,Clinopodium_vulgare,1
2,10,2,1,20-Jul-16,D,10.D,2,10.D.2,Nitidulidae,Pollen_Beetle,Crepis_capillaris,6
2,10,2,1,20-Jul-16,C,10.C,2,10.C.2,Syrphidae,Syrphid_small_yb,Crepis_capillaris,3
2,10,2,1,20-Jul-16,C,10.C,2,10.C.2,Syrphidae,Syrphid_small_yb,Lotus_corniculatus,1
2,10,2,1,20-Jul-16,R,10.R,2,10.R.2,Syrphidae,Syrphid_small_yb,Daucus_carota,2
2,11,123,3,18-Jul-16,R,11.R,1,11.R.1,Apis_melifera,Apis_melifera,Achillea_millefolium,0
2,11,123,3,21-Jul-16,C,11.C,2,11.C.2,Diptera,Diptera_med,Daucus_carota,2
2,11,123,3,21-Jul-16,D,11.D,2,11.D.2,Diptera,Diptera_med,Crepis_capillaris,2
2,11,123,3,21-Jul-16,C,11.C,2,11.C.2,Diptera,Diptera_small,Daucus_carota,1
2,11,123,3,21-Jul-16,D,11.D,2,11.D.2,Empididae,Empid,Daucus_carota,1
2,11,123,3,18-Jul-16,D,11.D,1,11.D.1,Eristalis_spp,Eristalis_med,Hypochaeris_radicata,1
2,11,123,3,18-Jul-16,D,11.D,1,11.D.1,Muscidae,Muscidae,Daucus_carota,1
2,11,123,3,21-Jul-16,D,11.D,2,11.D.2,Oedemera_nobilis,Oedemera_nobilis,Leucanthemum_vulgare,2
2,11,123,3,21-Jul-16,D,11.D,2,11.D.2,Oedemera_nobilis,Oedemera_nobilis,Onobrychis_viciifolia,1
2,11,123,3,21-Jul-16,C,11.C,2,11.C.2,Parasitica,Parastic_Wasp_minute,Daucus_carota,1
2,11,123,3,18-Jul-16,C,11.C,1,11.C.1,Pyrochroa_spp,Pyrochroa,Daucus_carota,2
2,11,123,3,21-Jul-16,C,11.C,2,11.C.2,Apoidea,SolBee_small,Daucus_carota,2
2,11,123,3,18-Jul-16,D,11.D,1,11.D.1,Syrphidae,Syrphid_med_blackshiny,Hypochaeris_radicata,1
2,12,23,2,18-Jul-16,C,12.C,1,12.C.1,Diptera,Diptera_med,Hypochaeris_radicata,2
2,12,23,2,18-Jul-16,C,12.C,1,12.C.1,Eristalis_spp,Eristalis_med,Hypochaeris_radicata,1
2,12,23,2,18-Jul-16,C,12.C,1,12.C.1,Oedemera_nobilis,Oedemera_nobilis,Hypochaeris_radicata,2
2,12,23,2,21-Jul-16,C,12.C,2,12.C.2,Parasitica,Parastic_Wasp_minute,Daucus_carota,2
2,12,23,2,21-Jul-16,C,12.C,2,12.C.2,Parasitica,Parastic_Wasp_minute,Lathyrus_pratensis,1
2,12,23,2,18-Jul-16,C,12.C,1,12.C.1,Syrphidae,Syrphid_med_blackshiny,Hypochaeris_radicata,1
2,12,23,2,18-Jul-16,C,12.C,1,12.C.1,Syrphidae,Syrphid_med_yb,Hypochaeris_radicata,1
2,13,3,1,21-Jul-16,C,13.C,2,13.C.2,Bombus_lapidarius,Bombus_lap,Crepis_capillaris,1
2,13,3,1,21-Jul-16,D,13.D,2,13.D.2,Bombus_lapidarius,Bombus_lap,Centaurea_nigra,4
2,13,3,1,18-Jul-16,C,13.C,1,13.C.1,Diptera,Diptera_med,Galium_mollugo,3
2,13,3,1,18-Jul-16,C,13.C,1,13.C.1,Diptera,Diptera_med,Leucanthemum_vulgare,1
2,13,3,1,21-Jul-16,D,13.D,2,13.D.2,Diptera,Diptera_med,Crepis_capillaris,1
2,13,3,1,21-Jul-16,R,13.R,2,13.R.2,Diptera,Diptera_minute,Leucanthemum_vulgare,2
2,13,3,1,18-Jul-16,C,13.C,1,13.C.1,Diptera,Diptera_small,Hypochaeris_radicata,1
2,13,3,1,21-Jul-16,R,13.R,2,13.R.2,Diptera,Diptera_small,Daucus_carota,1
2,13,3,1,21-Jul-16,C,13.C,2,13.C.2,Eristalis_spp,Eristalis,Daucus_carota,1
2,13,3,1,18-Jul-16,C,13.C,1,13.C.1,Eristalis_spp,Eristalis_med,Scabiosa_columbaria,1
2,13,3,1,18-Jul-16,R,13.R,1,13.R.1,Eristalis_spp,Eristalis_med,Leucanthemum_vulgare,2
2,13,3,1,18-Jul-16,R,13.R,1,13.R.1,Oedemera_nobilis,Oedemera_nobilis,Leucanthemum_vulgare,1
2,13,3,1,21-Jul-16,D,13.D,2,13.D.2,Oedemera_nobilis,Oedemera_nobilis,Crepis_capillaris,1
2,13,3,1,21-Jul-16,R,13.R,2,13.R.2,Parasitica,Parastic_Wasp_minute,Daucus_carota,12
2,13,3,1,18-Jul-16,C,13.C,1,13.C.1,Syrphidae,Syrphid_med_blackshiny,Hypochaeris_radicata,1
2,13,3,1,21-Jul-16,C,13.C,2,13.C.2,Syrphidae,Syrphid_med_yb,Leucanthemum_vulgare,1
2,13,3,1,21-Jul-16,D,13.D,2,13.D.2,Syrphidae,Syrphid_med_yb,Crepis_capillaris,1
2,14,13,2,21-Jul-16,C,14.C,2,14.C.2,Diptera,Diptera_minute,Daucus_carota,1
2,14,13,2,21-Jul-16,C,14.C,2,14.C.2,Parasitica,Parastic_Wasp_minute,Daucus_carota,3
2,14,13,2,21-Jul-16,C,14.C,2,14.C.2,Syrphidae,Syrphid_med_blackshiny,Daucus_carota,2
2,14,13,2,,C,14.C,1,14.C.1,,,,
3,15,2,1,20-Jul-16,D,15.D,1,15.D.1,Bombus_lapidarius,Bombus_lap,Crepis_capillaris,46
3,15,2,1,20-Jul-16,R,15.R,1,15.R.1,Diptera,Diptera_med,Crepis_capillaris,1
3,15,2,1,21-Jul-16,D,15.D,2,15.D.2,Diptera,Diptera_med,Sonchus_oleraceus,2
3,15,2,1,21-Jul-16,R,15.R,2,15.R.2,Diptera,Diptera_med,Sonchus_oleraceus,3
3,15,2,1,20-Jul-16,C,15.C,1,15.C.1,Diptera,Diptera_small,Potentilla_reptans,1
3,15,2,1,21-Jul-16,D,15.D,2,15.D.2,Diptera,Diptera_small,Sonchus_oleraceus,1
3,15,2,1,20-Jul-16,C,15.C,1,15.C.1,Hemiptera,Heteroptera_small,Potentilla_reptans,1
3,15,2,1,20-Jul-16,D,15.D,1,15.D.1,Hemiptera,Heteroptera_small,Crepis_capillaris,1
3,15,2,1,21-Jul-16,D,15.D,2,15.D.2,Lepidoptera,Lepidoptera,Clinopodium_vulgare,1
3,15,2,1,20-Jul-16,D,15.D,1,15.D.1,Oedemera_nobilis,Oedemera_nobilis,Crepis_capillaris,1
3,15,2,1,20-Jul-16,C,15.C,1,15.C.1,Nitidulidae,Pollen_Beetle,Crepis_capillaris,7
3,15,2,1,20-Jul-16,D,15.D,1,15.D.1,Nitidulidae,Pollen_Beetle,Crepis_capillaris,20
3,15,2,1,20-Jul-16,R,15.R,1,15.R.1,Nitidulidae,Pollen_Beetle,Crepis_capillaris,6
3,15,2,1,21-Jul-16,R,15.R,2,15.R.2,Syrphidae,Syrphid_med_blackshiny,Sonchus_oleraceus,2
3,15,2,1,21-Jul-16,D,15.D,2,15.D.2,Syrphidae,Syrphid_med_yb,Sonchus_oleraceus,7
3,15,2,1,21-Jul-16,R,15.R,2,15.R.2,Syrphidae,Syrphid_med_yb,Sonchus_oleraceus,1
3,16,13,2,18-Jul-16,C,16.C,1,16.C.1,Hemiptera,Heteroptera_small,Leucanthemum_vulgare,1
3,16,13,2,20-Jul-16,C,16.C,2,16.C.2,Parasitica,Parastic_Wasp_minute,Daucus_carota,1
3,16,13,2,18-Jul-16,C,16.C,1,16.C.1,Syrphidae,Syrphid_small_metallic,Onobrychis_viciifolia,2
3,17,12,2,18-Jul-16,C,17.C,1,17.C.1,Eristalis_spp,Eristalis_med,Daucus_carota,2
3,17,12,2,20-Jul-17,C,17.C,2,17.C.2,Hemiptera,Heteroptera_small,Hypochaeris_radicata,2
3,17,12,2,18-Jul-16,C,17.C,1,17.C.1,Nitidulidae,Pollen_Beetle,Crepis_capillaris,2
3,17,12,2,20-Jul-17,C,17.C,2,17.C.2,Nitidulidae,Pollen_Beetle,Hypochaeris_radicata,1
3,17,12,2,20-Jul-17,C,17.C,2,17.C.2,Syrphidae,Syrphid_small_metallic,Daucus_carota,1
3,18,3,1,20-Jul-16,C,18.C,1,18.C.1,Apis_melifera,Apis_melifera,Onobrychis_viciifolia,2
3,18,3,1,21-Jul-16,R,18.R,2,18.R.2,Apis_melifera,Apis_melifera,Onobrychis_viciifolia,9
3,18,3,1,20-Jul-16,C,18.C,1,18.C.1,Bombus_lapidarius,Bombus_lap,Onobrychis_viciifolia,2
3,18,3,1,20-Jul-16,D,18.D,1,18.D.1,Bombus_lapidarius,Bombus_lap,Onobrychis_viciifolia,2
3,18,3,1,20-Jul-16,R,18.R,1,18.R.1,Bombus_lapidarius,Bombus_lap,Onobrychis_viciifolia,7
3,18,3,1,21-Jul-16,C,18.C,2,18.C.2,Bombus_lapidarius,Bombus_lap,Onobrychis_viciifolia,6
3,18,3,1,21-Jul-16,R,18.R,2,18.R.2,Bombus_lapidarius,Bombus_lap,Onobrychis_viciifolia,2
3,18,3,1,21-Jul-16,R,18.R,2,18.R.2,Bombus_lapidarius,Bombus_lap,Vicia_cracca,3
3,18,3,1,21-Jul-16,R,18.R,2,18.R.2,Diptera,Diptera_med,Daucus_carota,1
3,18,3,1,21-Jul-16,R,18.R,2,18.R.2,Diptera,Diptera_med,Sonchus_oleraceus,1
3,18,3,1,21-Jul-16,R,18.R,2,18.R.2,Eristalis_spp,Eristalis,Sonchus_oleraceus,4
3,18,3,1,20-Jul-16,C,18.C,1,18.C.1,Parasitica,Parastic_Wasp_minute,Leucanthemum_vulgare,1
3,18,3,1,20-Jul-16,R,18.R,1,18.R.1,Nitidulidae,Pollen_Beetle,Crepis_capillaris,1
3,18,3,1,20-Jul-16,R,18.R,1,18.R.1,Apoidea,SolBee_small,Vicia_cracca,1
3,18,3,1,20-Jul-16,C,18.C,1,18.C.1,Syrphidae,Syrphid,Leucanthemum_vulgare,1
3,18,3,1,20-Jul-16,R,18.R,1,18.R.1,Syrphidae,Syrphid,Galium_mollugo,1
3,18,3,1,21-Jul-16,C,18.C,2,18.C.2,Syrphidae,Syrphid_med_blackshiny,Leucanthemum_vulgare,1
3,19,23,2,18-Jul-16,C,19.C,1,19.C.1,Bombus_lapidarius,Bombus_lap,Onobrychis_viciifolia,6
3,19,23,2,18-Jul-16,C,19.C,1,19.C.1,Diptera,Diptera_small,Galium_mollugo,2
3,19,23,2,21-Jul-16,C,19.C,2,19.C.2,Parasitica,Parastic_Wasp_minute,Galium_mollugo,1
3,20,1,1,21-Jul-16,C,20.C,1,20.C.1,Diptera,Diptera_med,Crepis_capillaris,2
3,20,1,1,21-Jul-16,D,20.D,1,20.D.1,Diptera,Diptera_med,Daucus_carota,1
3,20,1,1,21-Jul-16,R,20.R,1,20.R.1,Eristalis_spp,Eristalis_med,Daucus_carota,2
3,20,1,1,22-Jul-16,C,20.C,2,20.C.2,Eristalis_spp,Eristalis_med,Daucus_carota,16
3,20,1,1,22-Jul-16,R,20.R,2,20.R.2,Eristalis_spp,Eristalis_med,Daucus_carota,3
3,20,1,1,22-Jul-16,R,20.R,2,20.R.2,Oedemera_nobilis,Oedemera_nobilis,Daucus_carota,1
3,20,1,1,22-Jul-16,R,20.R,2,20.R.2,Sarcophagidae,Sarcoph,Daucus_carota,2
3,20,1,1,22-Jul-16,C,20.C,2,20.C.2,Stratiomyidae,Stratiomyidae,Daucus_carota,3
3,20,1,1,21-Jul-16,C,20.C,1,20.C.1,Syrphidae,Syrphid,Daucus_carota,1
3,20,1,1,22-Jul-16,C,20.C,2,20.C.2,Syrphidae,Syrphid_med,Daucus_carota,1
3,20,1,1,22-Jul-16,R,20.R,2,20.R.2,Syrphidae,Syrphid_med,Daucus_carota,4
3,20,1,1,21-Jul-16,R,20.R,1,20.R.1,Syrphidae,Syrphid_med_yb,Daucus_carota,1
3,21,123,3,20-Jul-16,C,21.C,1,21.C.1,Apis_melifera,Apis_melifera,Achillea_millefolium,0
3,21,123,3,21-Jul-16,R,21.R,2,21.R.2,Eristalis_spp,Eristalis,Clinopodium_vulgare,2
3,21,123,3,21-Jul-16,R,21.R,2,21.R.2,Eristalis_spp,Eristalis,Daucus_carota,2
3,21,123,3,20-Jul-16,D,21.D,1,21.D.1,Hemiptera,Heteroptera_small,Crepis_capillaris,1
3,21,123,3,21-Jul-16,R,21.R,2,21.R.2,Oedemera_nobilis,Oedemera_nobilis,Daucus_carota,1
3,21,123,3,20-Jul-16,R,21.R,1,21.R.1,Parasitica,Parastic_Wasp_minute,Daucus_carota,1
3,21,123,3,21-Jul-16,R,21.R,2,21.R.2,Parasitica,Parastic_Wasp_minute,Daucus_carota,2
3,21,123,3,20-Jul-16,R,21.R,1,21.R.1,Syrphidae,Syrphid_med_blackshiny,Daucus_carota,2
3,21,123,3,21-Jul-16,D,21.D,2,21.D.2,Syrphidae,Syrphid_med_yb,Prunella_vulgaris,4
4,22,23,2,20-Jul-16,C,22.C,1,22.C.1,Bombus_lapidarius,Bombus_lap,Onobrychis_viciifolia,12
4,22,23,2,21-Jul-16,C,22.C,2,22.C.2,Chrysopidae,Chrysopidae,Onobrychis_viciifolia,1
4,22,23,2,21-Jul-16,C,22.C,2,22.C.2,Diptera,Diptera_med,Leucanthemum_vulgare,1
4,22,23,2,20-Jul-16,C,22.C,1,22.C.1,Diptera,Diptera_small,Leucanthemum_vulgare,1
4,22,23,2,20-Jul-16,C,22.C,1,22.C.1,Hemiptera,Heteroptera_lrg,Leucanthemum_vulgare,1
4,22,23,2,20-Jul-16,C,22.C,1,22.C.1,Hemiptera,Heteroptera_lrg,Lotus_corniculatus,1
4,22,23,2,20-Jul-16,C,22.C,1,22.C.1,Hemiptera,Heteroptera_med,Leucanthemum_vulgare,1
4,22,23,2,21-Jul-16,C,22.C,2,22.C.2,Parasitica,Parastic_Wasp_minute,Leucanthemum_vulgare,1
4,22,23,2,20-Jul-16,C,22.C,1,22.C.1,Nitidulidae,Pollen_Beetle,Lotus_corniculatus,1
4,23,3,1,21-Jul-16,D,23.D,2,23.D.2,Bombus_lapidarius,Bombus_lap,Centaurea_nigra,1
4,23,3,1,14-Jul-16,C,23.C,1,23.C.1,Diptera,Diptera_med,Leucanthemum_vulgare,5
4,23,3,1,14-Jul-16,D,23.D,1,23.D.1,Diptera,Diptera_med,Centaurea_nigra,4
4,23,3,1,14-Jul-16,D,23.D,1,23.D.1,Diptera,Diptera_med,Daucus_carota,2
4,23,3,1,14-Jul-16,R,23.R,1,23.R.1,Diptera,Diptera_med,Leucanthemum_vulgare,17
4,23,3,1,21-Jul-16,R,23.R,2,23.R.2,Diptera,Diptera_med,Leucanthemum_vulgare,1
4,23,3,1,14-Jul-16,D,23.D,1,23.D.1,Diptera,Diptera_minute,Leucanthemum_vulgare,1
4,23,3,1,14-Jul-16,D,23.D,1,23.D.1,Diptera,Diptera_small,Leucanthemum_vulgare,4
4,23,3,1,21-Jul-16,D,23.D,2,23.D.2,Diptera,Diptera_small,Daucus_carota,1
4,23,3,1,14-Jul-16,R,23.R,1,23.R.1,Empididae,Empid,Leucanthemum_vulgare,1
4,23,3,1,21-Jul-16,D,23.D,2,23.D.2,Eristalis_spp,Eristalis,Daucus_carota,1
4,23,3,1,14-Jul-16,D,23.D,1,23.D.1,Eristalis_spp,Eristalis_med,Leucanthemum_vulgare,2
4,23,3,1,14-Jul-16,C,23.C,1,23.C.1,Hemiptera,Heteroptera,Leucanthemum_vulgare,1
4,23,3,1,14-Jul-16,R,23.R,1,23.R.1,Hemiptera,Heteroptera,Leucanthemum_vulgare,2
4,23,3,1,21-Jul-16,C,23.C,2,23.C.2,Hemiptera,Heteroptera_lrg,Leucanthemum_vulgare,1
4,23,3,1,21-Jul-16,C,23.C,2,23.C.2,Hemiptera,Heteroptera_lrg,Onobrychis_viciifolia,1
4,23,3,1,14-Jul-16,D,23.D,1,23.D.1,Hemiptera,Heteroptera_med,Leucanthemum_vulgare,3
4,23,3,1,21-Jul-16,D,23.D,2,23.D.2,Linyphiidae,Linyphiidae,Scabiosa_columbaria,1
4,23,3,1,14-Jul-16,C,23.C,1,23.C.1,Oedemera_nobilis,Oedemera_nobilis,Leucanthemum_vulgare,1
4,23,3,1,14-Jul-16,C,23.C,1,23.C.1,Nitidulidae,Pollen_Beetle,Leucanthemum_vulgare,6
4,23,3,1,14-Jul-16,D,23.D,1,23.D.1,Nitidulidae,Pollen_Beetle,Centaurea_nigra,3
4,23,3,1,14-Jul-16,D,23.D,1,23.D.1,Nitidulidae,Pollen_Beetle,Leucanthemum_vulgare,2
4,23,3,1,21-Jul-16,C,23.C,2,23.C.2,Nitidulidae,Pollen_Beetle,Centaurea_nigra,2
4,23,3,1,14-Jul-16,R,23.R,1,23.R.1,Sepsidae,Sepsidae,Leucanthemum_vulgare,1
4,23,3,1,21-Jul-16,R,23.R,2,23.R.2,Apoidea,SolBee_small,Leucanthemum_vulgare,3
4,23,3,1,21-Jul-16,D,23.D,2,23.D.2,Syrphidae,Syrphid_med_yb,Daucus_carota,1
4,23,3,1,14-Jul-16,D,23.D,1,23.D.1,Syrphidae,Syrphid_small,Centaurea_nigra,1
4,23,3,1,21-Jul-16,R,23.R,2,23.R.2,Thysanoptera,Thrip,Leucanthemum_vulgare,1
4,24,12,2,18-Jul-16,C,24.C,1,24.C.1,Diptera,Diptera_med,Galium_verum,1
4,24,12,2,18-Jul-16,C,24.C,1,24.C.1,Diptera,Diptera_med,Ranunculus_repens,1
4,24,12,2,21-Jul-16,C,24.C,2,24.C.2,Diptera,Diptera_minute,Cerastium_fontanum,1
4,24,12,2,18-Jul-16,C,24.C,1,24.C.1,Nitidulidae,Pollen_Beetle,Prunella_vulgaris,1
4,24,12,2,18-Jul-16,C,24.C,1,24.C.1,Nitidulidae,Pollen_Beetle,Ranunculus_repens,1
4,24,12,2,21-Jul-16,C,24.C,2,24.C.2,Apoidea,SolBee_small,Lathyrus_pratensis,1
4,24,12,2,21-Jul-16,C,24.C,2,24.C.2,Syrphidae,Syrphid_med_yb,Daucus_carota,1
4,25,2,1,18-Jul-16,C,25.C,1,25.C.1,Diptera,Diptera_med,Prunella_vulgaris,4
4,25,2,1,18-Jul-16,R,25.R,1,25.R.1,Diptera,Diptera_med,Crepis_capillaris,1
4,25,2,1,21-Jul-16,R,25.R,2,25.R.2,Diptera,Diptera_med,Crepis_capillaris,1
4,25,2,1,18-Jul-16,R,25.R,1,25.R.1,Diptera,Diptera_minute,Crepis_capillaris,1
4,25,2,1,18-Jul-16,R,25.R,1,25.R.1,Diptera,Diptera_small,Crepis_capillaris,2
4,25,2,1,21-Jul-16,R,25.R,2,25.R.2,Parasitica,Parastic_Wasp_minute,Daucus_carota,2
4,25,2,1,18-Jul-16,C,25.C,1,25.C.1,Nitidulidae,Pollen_Beetle,Crepis_capillaris,3
4,25,2,1,18-Jul-16,D,25.D,1,25.D.1,Nitidulidae,Pollen_Beetle,Trifolium_repens,1
4,25,2,1,18-Jul-16,R,25.R,1,25.R.1,Nitidulidae,Pollen_Beetle,Crepis_capillaris,6
4,25,2,1,21-Jul-16,C,25.C,2,25.C.2,Nitidulidae,Pollen_Beetle,Crepis_capillaris,5
4,25,2,1,21-Jul-16,D,25.D,2,25.D.2,Nitidulidae,Pollen_Beetle,Crepis_capillaris,2
4,25,2,1,21-Jul-16,D,25.D,2,25.D.2,Nitidulidae,Pollen_Beetle,Trifolium_repens,1
4,25,2,1,21-Jul-16,R,25.R,2,25.R.2,Nitidulidae,Pollen_Beetle,Crepis_capillaris,3
4,25,2,1,21-Jul-16,R,25.R,2,25.R.2,Thysanoptera,Thrip,Crepis_capillaris,1
4,26,123,3,21-Jul-16,C,26.C,2,26.C.2,Calliphoridae,Calliphoridae,Daucus_carota,1
4,26,123,3,18-Jul-16,R,26.R,1,26.R.1,Diptera,Diptera_minute,Galium_verum,2
4,26,123,3,21-Jul-16,R,26.R,2,26.R.2,Eristalis_spp,Eristalis,Daucus_carota,2
4,26,123,3,18-Jul-16,D,26.D,1,26.D.1,Hemiptera,Heteroptera,Crepis_capillaris,1
4,26,123,3,18-Jul-16,D,26.D,1,26.D.1,Nitidulidae,Pollen_Beetle,Crepis_capillaris,3
4,26,123,3,21-Jul-16,D,26.D,2,26.D.2,Nitidulidae,Pollen_Beetle,Crepis_capillaris,4
4,26,123,3,18-Jul-16,D,26.D,1,26.D.1,Apoidea,SolBee_small,Onobrychis_viciifolia,1
4,26,123,3,18-Jul-16,C,26.C,1,26.C.1,Syrphidae,Syrphid_small,Galium_mollugo,5
4,26,123,3,18-Jul-16,C,26.C,1,26.C.1,Syrphidae,Syrphid_small,Leucanthemum_vulgare,1
4,26,123,3,18-Jul-16,C,26.C,1,26.C.1,Syrphidae,Syrphid_small,Trifolium_pratense,1
4,26,123,3,18-Jul-16,D,26.D,1,26.D.1,Syrphidae,Syrphid_small,Crepis_capillaris,1
4,26,123,3,18-Jul-16,D,26.D,1,26.D.1,Syrphidae,Syrphid_small,Onobrychis_viciifolia,1
4,26,123,3,21-Jul-16,D,26.D,2,26.D.2,Syrphidae,Syrphid_small_yb,Daucus_carota,3
4,27,13,2,18-Jul-16,C,27.C,1,27.C.1,Diptera,Diptera_med,Prunella_vulgaris,1
4,27,13,2,21-Jul-16,C,27.C,2,27.C.2,Diptera,Diptera_med,Leontodon_hispidus,1
4,27,13,2,21-Jul-16,C,27.C,2,27.C.2,Eristalis_spp,Eristalis,Daucus_carota,1
4,27,13,2,21-Jul-16,C,27.C,2,27.C.2,Hemiptera,Heteroptera_med,Leontodon_hispidus,2
4,27,13,2,18-Jul-16,C,27.C,1,27.C.1,Hemiptera,Heteroptera_small,Lotus_corniculatus,1
4,27,13,2,18-Jul-16,C,27.C,1,27.C.1,Nitidulidae,Pollen_Beetle,Leontodon_hispidus,1
4,27,13,2,21-Jul-16,C,27.C,2,27.C.2,Syrphidae,Syrphid_small_yb,Daucus_carota,1
4,27,13,2,21-Jul-16,C,27.C,2,27.C.2,Syrphidae,Syrphid_small_yb,Leucanthemum_vulgare,1
4,28,1,1,21-Jul-16,C,28.C,2,28.C.2,Bombus_lapidarius,Bombus_lap,Crepis_capillaris,2
4,28,1,1,21-Jul-16,D,28.D,2,28.D.2,Diptera,Diptera_med,Daucus_carota,2
4,28,1,1,21-Jul-16,C,28.C,2,28.C.2,Eristalis_spp,Eristalis,Daucus_carota,1
4,28,1,1,21-Jul-16,D,28.D,2,28.D.2,Eristalis_spp,Eristalis,Daucus_carota,11
4,28,1,1,21-Jul-16,R,28.R,2,28.R.2,Eristalis_spp,Eristalis,Daucus_carota,1
4,28,1,1,21-Jul-16,C,28.C,2,28.C.2,Hemiptera,Heteroptera_med,Crepis_capillaris,1
4,28,1,1,18-Jul-16,R,28.R,1,28.R.1,Oedemera_nobilis,Oedemera_nobilis,Daucus_carota,1
4,28,1,1,21-Jul-16,D,28.D,2,28.D.2,Parasitica,Parastic_Wasp_minute,Daucus_carota,1
4,28,1,1,21-Jul-16,R,28.R,2,28.R.2,Parasitica,Parastic_Wasp_minute,Daucus_carota,2
4,28,1,1,18-Jul-16,C,28.C,1,28.C.1,Nitidulidae,Pollen_Beetle,Crepis_capillaris,9
4,28,1,1,18-Jul-16,D,28.D,1,28.D.1,Nitidulidae,Pollen_Beetle,Crepis_capillaris,2
4,28,1,1,18-Jul-16,R,28.R,1,28.R.1,Nitidulidae,Pollen_Beetle,Crepis_capillaris,2
4,28,1,1,21-Jul-16,C,28.C,2,28.C.2,Nitidulidae,Pollen_Beetle,Crepis_capillaris,10
4,28,1,1,21-Jul-16,D,28.D,2,28.D.2,Nitidulidae,Pollen_Beetle,Crepis_capillaris,1
4,28,1,1,21-Jul-16,R,28.R,2,28.R.2,Nitidulidae,Pollen_Beetle,Crepis_capillaris,2
4,28,1,1,21-Jul-16,R,28.R,2,28.R.2,Nitidulidae,Pollen_Beetle,Leontodon_hispidus,1
4,28,1,1,18-Jul-16,C,28.C,1,28.C.1,Syrphidae,Syrphid_med,Crepis_capillaris,1
4,28,1,1,21-Jul-16,D,28.D,2,28.D.2,Syrphidae,Syrphid_med_yb,Crepis_capillaris,1
4,28,1,1,21-Jul-16,R,28.R,2,28.R.2,Syrphidae,Syrphid_med_yb,Crepis_capillaris,1
4,28,1,1,18-Jul-16,C,28.C,1,28.C.1,Syrphidae,Syrphid_small_metallic,Crepis_capillaris,5
4,28,1,1,21-Jul-16,D,28.D,2,28.D.2,Syrphidae,Syrphid_small_yb,Daucus_carota,1
4,28,1,1,21-Jul-16,R,28.R,2,28.R.2,Syrphidae,Syrphid_small_yb,Daucus_carota,1
5,29,3,1,20-Jul-16,R,29.R,1,29.R.1,Bombus_lapidarius,Bombus_lap,Onobrychis_viciifolia,3
5,29,3,1,22-Jul-16,C,29.C,2,29.C.2,Bombus_lapidarius,Bombus_lap,Onobrychis_viciifolia,2
5,29,3,1,22-Jul-16,R,29.R,2,29.R.2,Bombus_lapidarius,Bombus_lap,Onobrychis_viciifolia,10
5,29,3,1,20-Jul-16,D,29.D,1,29.D.1,Diptera,Diptera_med,Leucanthemum_vulgare,1
5,29,3,1,22-Jul-16,R,29.R,2,29.R.2,Diptera,Diptera_med,Onobrychis_viciifolia,2
5,29,3,1,22-Jul-16,C,29.C,2,29.C.2,Parasitica,Parastic_Wasp_minute,Galium_mollugo,3
5,29,3,1,20-Jul-16,D,29.D,1,29.D.1,Nitidulidae,Pollen_Beetle,Onobrychis_viciifolia,1
5,29,3,1,22-Jul-16,D,29.D,2,29.D.2,Syrphidae,Syrphid_small_metallic,Leucanthemum_vulgare,1
5,30,123,3,22-Jul-16,C,30.C,2,30.C.2,Bombus_lapidarius,Bombus_lap,Onobrychis_viciifolia,1
5,30,123,3,22-Jul-16,R,30.R,2,30.R.2,Bombus_lapidarius,Bombus_lap,Scabiosa_columbaria,1
5,30,123,3,22-Jul-16,C,30.C,2,30.C.2,Diptera,Diptera_med,Leontodon_hispidus,3
5,30,123,3,20-Jul-16,C,30.C,1,30.C.1,Diptera,Diptera_small,Daucus_carota,1
5,30,123,3,22-Jul-16,R,30.R,2,30.R.2,Diptera,Diptera_small,Daucus_carota,1
5,30,123,3,22-Jul-16,R,30.R,2,30.R.2,Hemiptera,Heteroptera_lrg,Onobrychis_viciifolia,1
5,30,123,3,22-Jul-16,C,30.C,2,30.C.2,Hemiptera,Heteroptera_small,Leontodon_hispidus,1
5,30,123,3,22-Jul-16,R,30.R,2,30.R.2,Parasitica,Parastic_Wasp_minute,Daucus_carota,2
5,30,123,3,20-Jul-16,C,30.C,1,30.C.1,Nitidulidae,Pollen_Beetle,Crepis_capillaris,2
5,30,123,3,20-Jul-16,C,30.C,1,30.C.1,Nitidulidae,Pollen_Beetle,Leontodon_hispidus,3
5,30,123,3,20-Jul-16,C,30.C,1,30.C.1,Syrphidae,Syrphid_small,Daucus_carota,1
5,30,123,3,20-Jul-16,D,30.D,1,30.D.1,Syrphidae,Syrphid_small,Bellis_perennis,1
5,30,123,3,22-Jul-16,C,30.C,2,30.C.2,Syrphidae,Syrphid_small_yb,Daucus_carota,2
5,30,123,3,22-Jul-16,C,30.C,2,30.C.2,Syrphidae,Syrphid_small_yb,Leucanthemum_vulgare,1
5,30,123,3,22-Jul-16,D,30.D,2,30.D.2,Syrphidae,Syrphid_small_yb,Daucus_carota,1
5,31,1,1,20-Jul-16,D,31.D,1,31.D.1,Bombus_lapidarius,Bombus_lap,Scabiosa_columbaria,1
5,31,1,1,20-Jul-16,R,31.R,1,31.R.1,Bombus_lapidarius,Bombus_lap,Centurea_scabiosa,1
5,31,1,1,22-Jul-16,D,31.D,2,31.D.2,Cercopoidea,Cercopoidea,Daucus_carota,1
5,31,1,1,20-Jul-16,C,31.C,1,31.C.1,Diptera,Diptera_med,Crepis_capillaris,2
5,31,1,1,20-Jul-16,R,31.R,1,31.R.1,Diptera,Diptera_med,Daucus_carota,2
5,31,1,1,22-Jul-16,C,31.C,2,31.C.2,Diptera,Diptera_med,Leontodon_hispidus,1
5,31,1,1,22-Jul-16,R,31.R,2,31.R.2,Diptera,Diptera_med,Leontodon_hispidus,1
5,31,1,1,20-Jul-16,R,31.R,1,31.R.1,Diptera,Diptera_minute,Daucus_carota,2
5,31,1,1,22-Jul-16,C,31.C,2,31.C.2,Diptera,Diptera_minute,Daucus_carota,4
5,31,1,1,22-Jul-16,C,31.C,2,31.C.2,Eristalis_spp,Eristalis,Daucus_carota,4
5,31,1,1,22-Jul-16,D,31.D,2,31.D.2,Eristalis_spp,Eristalis,Daucus_carota,1
5,31,1,1,22-Jul-16,R,31.R,2,31.R.2,Eristalis_spp,Eristalis,Daucus_carota,2
5,31,1,1,20-Jul-16,C,31.C,1,31.C.1,Hemiptera,Heteroptera,Crepis_capillaris,1
5,31,1,1,22-Jul-16,D,31.D,2,31.D.2,Hemiptera,Heteroptera_med,Leontodon_hispidus,1
5,31,1,1,20-Jul-16,R,31.R,1,31.R.1,Parasitica,Parasitic_Wasp_lrg,Daucus_carota,2
5,31,1,1,22-Jul-16,D,31.D,2,31.D.2,Parasitica,Parastic_Wasp_minute,Daucus_carota,1
5,31,1,1,20-Jul-16,R,31.R,1,31.R.1,Nitidulidae,Pollen_Beetle,Leontodon_hispidus,1
5,31,1,1,22-Jul-16,C,31.C,2,31.C.2,Nitidulidae,Pollen_Beetle,Leontodon_hispidus,1
5,31,1,1,22-Jul-16,D,31.D,2,31.D.2,Nitidulidae,Pollen_Beetle,Leontodon_hispidus,1
5,31,1,1,22-Jul-16,R,31.R,2,31.R.2,Nitidulidae,Pollen_Beetle,Leontodon_hispidus,1
5,31,1,1,22-Jul-16,D,31.D,2,31.D.2,Sarcophagidae,Sarcoph,Daucus_carota,2
5,31,1,1,22-Jul-16,R,31.R,2,31.R.2,Sarcophagidae,Sarcoph,Daucus_carota,1
5,31,1,1,20-Jul-16,R,31.R,1,31.R.1,Apoidea,SolBee_small,Daucus_carota,1
5,31,1,1,22-Jul-16,C,31.C,2,31.C.2,Syrphidae,Syrphid_small_yb,Daucus_carota,1
5,31,1,1,22-Jul-16,D,31.D,2,31.D.2,Syrphidae,Syrphid_small_yb,Daucus_carota,1
5,32,23,2,20-Jul-16,C,32.C,1,32.C.1,Diptera,Diptera_med,Crepis_capillaris,1
5,32,23,2,22-Jul-16,C,32.C,2,32.C.2,Diptera,Diptera_med,Onobrychis_viciifolia,1
5,32,23,2,20-Jul-16,C,32.C,1,32.C.1,Diptera,Diptera_minute,Crepis_capillaris,2
5,32,23,2,20-Jul-16,C,32.C,1,32.C.1,Parasitica,Parastic_Wasp_minute,Onobrychis_viciifolia,1
5,32,23,2,20-Jul-16,C,32.C,1,32.C.1,Nitidulidae,Pollen_Beetle,Crepis_capillaris,5
5,32,23,2,22-Jul-16,C,32.C,2,32.C.2,Nitidulidae,Pollen_Beetle,Crepis_capillaris,3
5,32,23,2,22-Jul-16,C,32.C,2,32.C.2,Apoidea,SolBee_small,Onobrychis_viciifolia,1
5,32,23,2,22-Jul-16,C,32.C,2,32.C.2,Syrphidae,Syrphid_med_yb,Crepis_capillaris,1
5,32,23,2,20-Jul-16,C,32.C,1,32.C.1,Syrphidae,Syrphid_small_yb,Crepis_capillaris,2
5,33,12,2,20-Jul-16,C,33.C,1,33.C.1,Diptera,Diptera_med,Leontodon_hispidus,1
5,33,12,2,22-Jul-16,C,33.C,2,33.C.2,Eristalis_spp,Eristalis_lrg,Daucus_carota,2
5,33,12,2,22-Jul-16,C,33.C,2,33.C.2,Eristalis_spp,Eristalis_med,Scabiosa_columbaria,1
5,34,2,1,22-Jul-16,R,34.R,2,34.R.2,Bombus_lapidarius,Bombus_lap,Prunella_vulgaris,4
5,34,2,1,20-Jul-16,C,34.C,1,34.C.1,Diptera,Diptera_med,Ranunculus_repens,1
5,34,2,1,22-Jul-16,C,34.C,2,34.C.2,Diptera,Diptera_med,Daucus_carota,1
5,34,2,1,20-Jul-16,R,34.R,1,34.R.1,Eristalis_spp,Eristalis,Daucus_carota,4
5,34,2,1,22-Jul-16,C,34.C,2,34.C.2,Eristalis_spp,Eristalis,Lotus_corniculatus,1
5,34,2,1,22-Jul-16,R,34.R,2,34.R.2,Eristalis_spp,Eristalis,Daucus_carota,8
5,34,2,1,20-Jul-16,R,34.R,1,34.R.1,Parasitica,Parastic_Wasp_minute,Daucus_carota,1
5,34,2,1,22-Jul-16,R,34.R,2,34.R.2,Parasitica,Parastic_Wasp_minute,Daucus_carota,1
5,34,2,1,20-Jul-16,C,34.C,1,34.C.1,Nitidulidae,Pollen_Beetle,Crepis_capillaris,1
5,34,2,1,20-Jul-16,C,34.C,1,34.C.1,Nitidulidae,Pollen_Beetle,Ranunculus_repens,1
5,34,2,1,22-Jul-16,C,34.C,2,34.C.2,Apoidea,SolBee_small,Ranunculus_repens,7
5,34,2,1,20-Jul-16,D,34.D,1,34.D.1,Syrphidae,Syrphid_small_yb,Daucus_carota,1
5,34,2,1,20-Jul-16,R,34.R,1,34.R.1,Syrphidae,Syrphid_small_yb,Daucus_carota,1
5,34,2,1,22-Jul-16,D,34.D,2,34.D.2,Syrphidae,Syrphid_small_yb,Daucus_carota,1
5,34,2,1,22-Jul-16,R,34.R,2,34.R.2,Syrphidae,Syrphid_small_yb,Daucus_carota,1
5,35,13,2,22-Jul-16,C,35.C,2,35.C.2,Bombus_lapidarius,Bombus_lap,Onobrychis_viciifolia,13
5,35,13,2,22-Jul-16,C,35.C,2,35.C.2,Cercopoidea,Cercopoidea,Crepis_capillaris,1
5,35,13,2,20-Jul-16,C,35.C,1,35.C.1,Diptera,Diptera_med,Daucus_carota,1
5,35,13,2,22-Jul-16,C,35.C,2,35.C.2,Nitidulidae,Pollen_Beetle,Leontodon_hispidus,1
6,36,2,1,21-Jul-16,C,36.C,2,36.C.2,Diptera,Diptera_minute,Lathyrus_pratensis,1
6,36,2,1,21-Jul-16,D,36.D,2,36.D.2,Nitidulidae,Pollen_Beetle,Lathyrus_pratensis,1
6,36,2,1,21-Jul-16,R,36.R,2,36.R.2,Nitidulidae,Pollen_Beetle,Crepis_capillaris,3
6,36,2,1,18-Jul-16,R,36.R,1,36.R.1,Syrphidae,Syrphid_small_metallic,Prunella_vulgaris,1
6,37,1,1,18-Jul-16,C,37.C,1,37.C.1,Bombus_lapidarius,Bombus_lap,Daucus_carota,1
6,37,1,1,18-Jul-16,D,37.D,1,37.D.1,Diptera,Diptera_med,Daucus_carota,2
6,37,1,1,18-Jul-16,R,37.R,1,37.R.1,Diptera,Diptera_med,Daucus_carota,4
6,37,1,1,21-Jul-16,C,37.C,2,37.C.2,Diptera,Diptera_med,Leontodon_hispidus,3
6,37,1,1,21-Jul-16,D,37.D,2,37.D.2,Diptera,Diptera_med,Daucus_carota,2
6,37,1,1,21-Jul-16,D,37.D,2,37.D.2,Diptera,Diptera_med,Leontodon_hispidus,2
6,37,1,1,21-Jul-16,R,37.R,2,37.R.2,Diptera,Diptera_med,Crepis_capillaris,2
6,37,1,1,21-Jul-16,R,37.R,2,37.R.2,Diptera,Diptera_med,Daucus_carota,2
6,37,1,1,21-Jul-16,R,37.R,2,37.R.2,Diptera,Diptera_med,Hypochaeris_radicata,1
6,37,1,1,18-Jul-16,C,37.C,1,37.C.1,Diptera,Diptera_minute,Daucus_carota,2
6,37,1,1,18-Jul-16,D,37.D,1,37.D.1,Diptera,Diptera_minute,Daucus_carota,2
6,37,1,1,21-Jul-16,C,37.C,2,37.C.2,Diptera,Diptera_minute,Daucus_carota,1
6,37,1,1,21-Jul-16,R,37.R,2,37.R.2,Diptera,Diptera_minute,Daucus_carota,2
6,37,1,1,18-Jul-16,R,37.R,1,37.R.1,Eristalis_spp,Eristalis,Daucus_carota,2
6,37,1,1,21-Jul-16,C,37.C,2,37.C.2,Eristalis_spp,Eristalis_med,Daucus_carota,4
6,37,1,1,18-Jul-16,C,37.C,1,37.C.1,Hemiptera,Heteroptera,Daucus_carota,3
6,37,1,1,21-Jul-16,D,37.D,2,37.D.2,Oedemera_nobilis,Oedemera_nobilis,Daucus_carota,1
6,37,1,1,18-Jul-16,C,37.C,1,37.C.1,Nitidulidae,Pollen_Beetle,Lotus_corniculatus,1
6,37,1,1,18-Jul-16,D,37.D,1,37.D.1,Nitidulidae,Pollen_Beetle,Leontodon_hispidus,2
6,37,1,1,21-Jul-16,C,37.C,2,37.C.2,Nitidulidae,Pollen_Beetle,Leontodon_hispidus,1
6,37,1,1,21-Jul-16,C,37.C,2,37.C.2,Nitidulidae,Pollen_Beetle,Pilosella_aurantiaca,1
6,37,1,1,21-Jul-16,D,37.D,2,37.D.2,Nitidulidae,Pollen_Beetle,Leontodon_hispidus,2
6,37,1,1,18-Jul-16,C,37.C,1,37.C.1,Apoidea,SolBee_small,Hypochaeris_radicata,1
6,37,1,1,21-Jul-16,D,37.D,2,37.D.2,Syrphidae,Syrphid_med,Daucus_carota,4
6,37,1,1,21-Jul-16,R,37.R,2,37.R.2,Syrphidae,Syrphid_med,Daucus_carota,1
6,37,1,1,18-Jul-16,C,37.C,1,37.C.1,Syrphidae,Syrphid_med_blackshiny,Daucus_carota,1
6,37,1,1,21-Jul-16,C,37.C,2,37.C.2,Syrphidae,Syrphid_med_blackshiny,Daucus_carota,1
6,37,1,1,18-Jul-16,D,37.D,1,37.D.1,Syrphidae,Syrphid_med_yb,Daucus_carota,1
6,37,1,1,21-Jul-16,R,37.R,2,37.R.2,Syrphidae,Syrphid_med_yb,Crepis_capillaris,1
6,37,1,1,21-Jul-16,R,37.R,2,37.R.2,Syrphidae,Syrphid_med_yb,Daucus_carota,3
6,37,1,1,18-Jul-16,D,37.D,1,37.D.1,Syrphidae,Syrphid_small,Daucus_carota,2
6,37,1,1,18-Jul-16,R,37.R,1,37.R.1,Syrphidae,Syrphid_small_yb,Daucus_carota,2
6,38,3,1,21-Jul-16,C,38.C,2,38.C.2,Bombus_lapidarius,Bombus_lap,Onobrychis_viciifolia,11
6,38,3,1,21-Jul-16,D,38.D,2,38.D.2,Bombus_lapidarius,Bombus_lap,Onobrychis_viciifolia,1
6,38,3,1,21-Jul-16,R,38.R,2,38.R.2,Bombus_lapidarius,Bombus_lap,Onobrychis_viciifolia,5
6,38,3,1,18-Jul-16,C,38.C,1,38.C.1,Diptera,Diptera_med,Galium_mollugo,1
6,38,3,1,21-Jul-16,R,38.R,2,38.R.2,Diptera,Diptera_med,Daucus_carota,2
6,38,3,1,18-Jul-16,D,38.D,1,38.D.1,Diptera,Diptera_small,Leucanthemum_vulgare,1
6,38,3,1,18-Jul-16,C,38.C,1,38.C.1,Eristalis_spp,Eristalis,Leucanthemum_vulgare,1
6,38,3,1,18-Jul-16,R,38.R,1,38.R.1,Eristalis_spp,Eristalis,Daucus_carota,3
6,38,3,1,18-Jul-16,R,38.R,1,38.R.1,Eristalis_spp,Eristalis,Leucanthemum_vulgare,1
6,38,3,1,18-Jul-16,D,38.D,1,38.D.1,Eristalis_spp,Eristalis_med,Leucanthemum_vulgare,2
6,38,3,1,21-Jul-16,C,38.C,2,38.C.2,Eristalis_spp,Eristalis_med,Leucanthemum_vulgare,1
6,38,3,1,21-Jul-16,D,38.D,2,38.D.2,Eristalis_spp,Eristalis_med,Leucanthemum_vulgare,3
6,38,3,1,18-Jul-16,R,38.R,1,38.R.1,Nitidulidae,Pollen_Beetle,Leucanthemum_vulgare,1
6,38,3,1,21-Jul-16,C,38.C,2,38.C.2,Nitidulidae,Pollen_Beetle,Crepis_capillaris,4
6,38,3,1,18-Jul-16,R,38.R,1,38.R.1,Scathophagidae,Scathophagidae,Daucus_carota,1
6,38,3,1,18-Jul-16,R,38.R,1,38.R.1,Syrphidae,Syrphid_lrg,Daucus_carota,6
6,38,3,1,18-Jul-16,R,38.R,1,38.R.1,Syrphidae,Syrphid_small,Leucanthemum_vulgare,2
6,38,3,1,18-Jul-16,C,38.C,1,38.C.1,Syrphidae,Syrphid_small_metallic,Galium_mollugo,1
6,38,3,1,18-Jul-16,C,38.C,1,38.C.1,Syrphidae,Syrphid_small_metallic,Leucanthemum_vulgare,2
6,38,3,1,18-Jul-16,R,38.R,1,38.R.1,Syrphidae,Syrphid_small_metallic,Leucanthemum_vulgare,3
6,39,23,2,18-Jul-16,C,39.C,1,39.C.1,Bombus_lapidarius,Bombus_lap,Onobrychis_viciifolia,1
6,39,23,2,21-Jul-16,C,39.C,2,39.C.2,Bombus_lapidarius,Bombus_lap,Onobrychis_viciifolia,33
6,39,23,2,21-Jul-16,C,39.C,2,39.C.2,Eristalis_spp,Eristalis_lrg,Leucanthemum_vulgare,1
6,39,23,2,18-Jul-16,C,39.C,1,39.C.1,Syrphidae,Syrphid_med_blackshiny,Leucanthemum_vulgare,1
6,40,13,2,20-Jul-16,C,40.C,1,40.C.1,Bombus_lapidarius,Bombus_lap,Onobrychis_viciifolia,3
6,40,13,2,21-Jul-16,C,40.C,2,40.C.2,Bombus_lapidarius,Bombus_lap,Onobrychis_viciifolia,16
6,40,13,2,21-Jul-16,C,40.C,2,40.C.2,Diptera,Diptera_med,Daucus_carota,1
6,40,13,2,21-Jul-16,C,40.C,2,40.C.2,Eristalis_spp,Eristalis_med,Daucus_carota,6
6,40,13,2,21-Jul-16,C,40.C,2,40.C.2,Sarcophagidae,Sarcoph,Daucus_carota,1
6,40,13,2,21-Jul-16,C,40.C,2,40.C.2,Sepsidae,Sepsidae,Daucus_carota,1
6,40,13,2,20-Jul-16,C,40.C,1,40.C.1,Syrphidae,Syrphid_small_yb,Daucus_carota,7
6,41,12,2,21-Jul-16,C,41.C,2,41.C.2,Hemiptera,Heteroptera,Crepis_capillaris,1
6,41,12,2,18-Jul-16,C,41.C,1,41.C.1,Nitidulidae,Pollen_Beetle,Lathyrus_pratensis,1
6,41,12,2,18-Jul-16,C,41.C,1,41.C.1,Nitidulidae,Pollen_Beetle,Leontodon_hispidus,2
6,41,12,2,21-Jul-16,C,41.C,2,41.C.2,Sepsidae,Sepsidae,Daucus_carota,1
6,41,12,2,18-Jul-16,C,41.C,1,41.C.1,Apoidea,SolBee_small,Prunella_vulgaris,2
6,42,123,3,18-Jul-16,D,42.D,1,42.D.1,Apis_melifera,Apis_melifera,Achillea_millefolium,0
6,42,123,3,18-Jul-16,R,42.R,1,42.R.1,Apis_melifera,Apis_melifera,Achillea_millefolium,0
6,42,123,3,18-Jul-16,C,42.C,1,42.C.1,Cercopoidea,Cercopoidea,Daucus_carota,2
6,42,123,3,18-Jul-16,C,42.C,1,42.C.1,Diptera,Diptera_small,Onobrychis_viciifolia,2
6,42,123,3,18-Jul-16,C,42.C,1,42.C.1,Hemiptera,Heteroptera,Lotus_corniculatus,1
6,42,123,3,21-Jul-16,C,42.C,2,42.C.2,Hemiptera,Heteroptera,Onobrychis_viciifolia,1
6,42,123,3,18-Jul-16,C,42.C,1,42.C.1,Parasitica,Parastic_Wasp_minute,Daucus_carota,18
6,42,123,3,18-Jul-16,C,42.C,1,42.C.1,Parasitica,Parastic_Wasp_minute,Galium_mollugo,1
6,42,123,3,18-Jul-16,C,42.C,1,42.C.1,Parasitica,Parastic_Wasp_minute,Leucanthemum_vulgare,1
6,42,123,3,18-Jul-16,C,42.C,1,42.C.1,Parasitica,Parastic_Wasp_minute,Onobrychis_viciifolia,2
6,42,123,3,18-Jul-16,C,42.C,1,42.C.1,Nitidulidae,Pollen_Beetle,Lotus_corniculatus,1
